{"assets/icons/Back%20ICon.svg":["assets/icons/Back%20ICon.svg","assets/icons/Icons/Back%20ICon.svg"],"assets/icons/Bell.svg":["assets/icons/Bell.svg","assets/icons/Icons/Bell.svg"],"assets/icons/Bill%20Icon.svg":["assets/icons/Bill%20Icon.svg","assets/icons/Icons/Bill%20Icon.svg"],"assets/icons/Call.svg":["assets/icons/Call.svg","assets/icons/Icons/Call.svg"],"assets/icons/Camera%20Icon.svg":["assets/icons/Camera%20Icon.svg","assets/icons/Icons/Camera%20Icon.svg"],"assets/icons/Cart%20Icon.svg":["assets/icons/Cart%20Icon.svg","assets/icons/Icons/Cart%20Icon.svg"],"assets/icons/Cash.svg":["assets/icons/Cash.svg","assets/icons/Icons/Cash.svg"],"assets/icons/Chat%20bubble%20Icon.svg":["assets/icons/Chat%20bubble%20Icon.svg","assets/icons/Icons/Chat%20bubble%20Icon.svg"],"assets/icons/Check%20mark%20rounde.svg":["assets/icons/Check%20mark%20rounde.svg","assets/icons/Icons/Check%20mark%20rounde.svg"],"assets/icons/Close.svg":["assets/icons/Close.svg","assets/icons/Icons/Close.svg"],"assets/icons/Conversation.svg":["assets/icons/Conversation.svg","assets/icons/Icons/Conversation.svg"],"assets/icons/Discover.svg":["assets/icons/Discover.svg","assets/icons/Icons/Discover.svg"],"assets/icons/Error.svg":["assets/icons/Error.svg","assets/icons/Icons/Error.svg"],"assets/icons/Flash%20Icon.svg":["assets/icons/Flash%20Icon.svg","assets/icons/Icons/Flash%20Icon.svg"],"assets/icons/Game%20Icon.svg":["assets/icons/Game%20Icon.svg","assets/icons/Icons/Game%20Icon.svg"],"assets/icons/Gift%20Icon.svg":["assets/icons/Gift%20Icon.svg","assets/icons/Icons/Gift%20Icon.svg"],"assets/icons/Heart%20Icon.svg":["assets/icons/Heart%20Icon.svg","assets/icons/Icons/Heart%20Icon.svg"],"assets/icons/Heart%20Icon_2.svg":["assets/icons/Heart%20Icon_2.svg","assets/icons/Icons/Heart%20Icon_2.svg"],"assets/icons/Location%20point.svg":["assets/icons/Location%20point.svg","assets/icons/Icons/Location%20point.svg"],"assets/icons/Lock.svg":["assets/icons/Lock.svg","assets/icons/Icons/Lock.svg"],"assets/icons/Log%20out.svg":["assets/icons/Log%20out.svg","assets/icons/Icons/Log%20out.svg"],"assets/icons/Mail.svg":["assets/icons/Mail.svg","assets/icons/Icons/Mail.svg"],"assets/icons/Parcel.svg":["assets/icons/Parcel.svg","assets/icons/Icons/Parcel.svg"],"assets/icons/Phone.svg":["assets/icons/Phone.svg","assets/icons/Icons/Phone.svg"],"assets/icons/Plus%20Icon.svg":["assets/icons/Plus%20Icon.svg","assets/icons/Icons/Plus%20Icon.svg"],"assets/icons/Question%20mark.svg":["assets/icons/Question%20mark.svg","assets/icons/Icons/Question%20mark.svg"],"assets/icons/Search%20Icon.svg":["assets/icons/Search%20Icon.svg","assets/icons/Icons/Search%20Icon.svg"],"assets/icons/Settings.svg":["assets/icons/Settings.svg","assets/icons/Icons/Settings.svg"],"assets/icons/Shop%20Icon.svg":["assets/icons/Shop%20Icon.svg","assets/icons/Icons/Shop%20Icon.svg"],"assets/icons/Star%20Icon.svg":["assets/icons/Star%20Icon.svg","assets/icons/Icons/Star%20Icon.svg"],"assets/icons/Success.svg":["assets/icons/Success.svg","assets/icons/Icons/Success.svg"],"assets/icons/Trash.svg":["assets/icons/Trash.svg","assets/icons/Icons/Trash.svg"],"assets/icons/User%20Icon.svg":["assets/icons/User%20Icon.svg","assets/icons/Icons/User%20Icon.svg"],"assets/icons/User.svg":["assets/icons/User.svg","assets/icons/Icons/User.svg"],"assets/icons/about-information-info-help-svgrepo-com.svg":["assets/icons/about-information-info-help-svgrepo-com.svg"],"assets/icons/about_us.svg":["assets/icons/about_us.svg"],"assets/icons/ads.svg":["assets/icons/ads.svg"],"assets/icons/app.svg":["assets/icons/app.svg"],"assets/icons/app_dev.svg":["assets/icons/app_dev.svg"],"assets/icons/arrow_right.svg":["assets/icons/arrow_right.svg","assets/icons/Icons/arrow_right.svg"],"assets/icons/contact_us.svg":["assets/icons/contact_us.svg"],"assets/icons/dashboard.svg":["assets/icons/dashboard.svg"],"assets/icons/design.svg":["assets/icons/design.svg"],"assets/icons/facebook-2.svg":["assets/icons/facebook-2.svg","assets/icons/Icons/facebook-2.svg"],"assets/icons/features.svg":["assets/icons/features.svg"],"assets/icons/google-icon.svg":["assets/icons/google-icon.svg","assets/icons/Icons/google-icon.svg"],"assets/icons/house.svg":["assets/icons/house.svg"],"assets/icons/marketing.svg":["assets/icons/marketing.svg"],"assets/icons/our_work.svg":["assets/icons/our_work.svg"],"assets/icons/profile.svg":["assets/icons/profile.svg"],"assets/icons/receipt.svg":["assets/icons/receipt.svg","assets/icons/Icons/receipt.svg"],"assets/icons/remove.svg":["assets/icons/remove.svg","assets/icons/Icons/remove.svg"],"assets/icons/salla.svg":["assets/icons/salla.svg"],"assets/icons/services.svg":["assets/icons/services.svg"],"assets/icons/social.svg":["assets/icons/social.svg"],"assets/icons/social_management.svg":["assets/icons/social_management.svg"],"assets/icons/twitter.svg":["assets/icons/twitter.svg","assets/icons/Icons/twitter.svg"],"assets/icons/web.svg":["assets/icons/web.svg"],"assets/icons/web_dev.svg":["assets/icons/web_dev.svg"],"assets/icons/work.svg":["assets/icons/work.svg"],"assets/images/Image%20Banner%202.png":["assets/images/Image%20Banner%202.png"],"assets/images/Image%20Banner%203.png":["assets/images/Image%20Banner%203.png"],"assets/images/Image%20Popular%20Product%201.png":["assets/images/Image%20Popular%20Product%201.png"],"assets/images/Image%20Popular%20Product%202.png":["assets/images/Image%20Popular%20Product%202.png"],"assets/images/Image%20Popular%20Product%203.png":["assets/images/Image%20Popular%20Product%203.png"],"assets/images/Image_5.png":["assets/images/Image_5.png"],"assets/images/Pattern%20Success.png":["assets/images/Pattern%20Success.png"],"assets/images/Profile%20Image.png":["assets/images/Profile%20Image.png"],"assets/images/Screenshot_2.png":["assets/images/Screenshot_2.png"],"assets/images/Screenshot_21.png":["assets/images/Screenshot_21.png"],"assets/images/about_us.jpg":["assets/images/about_us.jpg"],"assets/images/app.jpg":["assets/images/app.jpg"],"assets/images/app_1.png":["assets/images/app_1.png"],"assets/images/app_2.png":["assets/images/app_2.png"],"assets/images/app__1.jfif":["assets/images/app__1.jfif"],"assets/images/app_our_work.png":["assets/images/app_our_work.png"],"assets/images/app_our_work_1.jpg":["assets/images/app_our_work_1.jpg"],"assets/images/app_our_work_2.jpg":["assets/images/app_our_work_2.jpg"],"assets/images/app_our_work_2.webp":["assets/images/app_our_work_2.webp"],"assets/images/apple-pay.png":["assets/images/apple-pay.png"],"assets/images/application.png":["assets/images/application.png"],"assets/images/bottom_img_1.png":["assets/images/bottom_img_1.png"],"assets/images/bottom_img_2.png":["assets/images/bottom_img_2.png"],"assets/images/complete_sign_up.png":["assets/images/complete_sign_up.png"],"assets/images/continue.png":["assets/images/continue.png"],"assets/images/control.png":["assets/images/control.png"],"assets/images/creativity.png":["assets/images/creativity.png"],"assets/images/design.png":["assets/images/design.png"],"assets/images/efficiency.png":["assets/images/efficiency.png"],"assets/images/event_management.png":["assets/images/event_management.png"],"assets/images/feasability.png":["assets/images/feasability.png"],"assets/images/fedex-express.png":["assets/images/fedex-express.png"],"assets/images/follow_up.png":["assets/images/follow_up.png"],"assets/images/forgot_password.png":["assets/images/forgot_password.png"],"assets/images/glap.png":["assets/images/glap.png"],"assets/images/google-pay.png":["assets/images/google-pay.png"],"assets/images/header.png":["assets/images/header.png"],"assets/images/icon.png":["assets/images/icon.png"],"assets/images/identity.jpg":["assets/images/identity.jpg"],"assets/images/identity_1.jpg":["assets/images/identity_1.jpg"],"assets/images/identity_design.jpg":["assets/images/identity_design.jpg"],"assets/images/identity_logo_d.png":["assets/images/identity_logo_d.png"],"assets/images/image_1.png":["assets/images/image_1.png"],"assets/images/image_11.png":["assets/images/image_11.png"],"assets/images/image_111.png":["assets/images/image_111.png"],"assets/images/image_2.png":["assets/images/image_2.png"],"assets/images/image_22.png":["assets/images/image_22.png"],"assets/images/image_3.png":["assets/images/image_3.png"],"assets/images/image_33.png":["assets/images/image_33.png"],"assets/images/image_333.png":["assets/images/image_333.png"],"assets/images/image_3333.png":["assets/images/image_3333.png"],"assets/images/image_4.png":["assets/images/image_4.png"],"assets/images/image_44.png":["assets/images/image_44.png"],"assets/images/image_55.png":["assets/images/image_55.png"],"assets/images/image_555.png":["assets/images/image_555.png"],"assets/images/image__1.png":["assets/images/image__1.png"],"assets/images/img.png":["assets/images/img.png"],"assets/images/img_main.png":["assets/images/img_main.png"],"assets/images/influences.png":["assets/images/influences.png"],"assets/images/inner_image1.png":["assets/images/inner_image1.png"],"assets/images/inner_image11.png":["assets/images/inner_image11.png"],"assets/images/instagram.png":["assets/images/instagram.png"],"assets/images/instagram_1.png":["assets/images/instagram_1.png"],"assets/images/java.jpg":["assets/images/java.jpg"],"assets/images/log_in_image.png":["assets/images/log_in_image.png"],"assets/images/logo.png":["assets/images/logo.png"],"assets/images/logo_design.png":["assets/images/logo_design.png"],"assets/images/marketing.jpeg":["assets/images/marketing.jpeg"],"assets/images/marketing.jpg":["assets/images/marketing.jpg"],"assets/images/marketing_1.jpg":["assets/images/marketing_1.jpg"],"assets/images/mastercard-2.png":["assets/images/mastercard-2.png"],"assets/images/native.jfif":["assets/images/native.jfif"],"assets/images/organize.png":["assets/images/organize.png"],"assets/images/our_work.jpg":["assets/images/our_work.jpg"],"assets/images/outlook.jpg":["assets/images/outlook.jpg"],"assets/images/outlook.png":["assets/images/outlook.png"],"assets/images/outlook_.png":["assets/images/outlook_.png"],"assets/images/outlook_1.jpg":["assets/images/outlook_1.jpg"],"assets/images/outlook_2.png":["assets/images/outlook_2.png"],"assets/images/outlook_3.png":["assets/images/outlook_3.png"],"assets/images/paypal.png":["assets/images/paypal.png"],"assets/images/photograph.png":["assets/images/photograph.png"],"assets/images/photography_kit.jpeg":["assets/images/photography_kit.jpeg"],"assets/images/product%201%20image.png":["assets/images/product%201%20image.png"],"assets/images/profile_pic.png":["assets/images/profile_pic.png"],"assets/images/ps4_console_blue_1.png":["assets/images/ps4_console_blue_1.png"],"assets/images/ps4_console_blue_2.png":["assets/images/ps4_console_blue_2.png"],"assets/images/ps4_console_blue_3.png":["assets/images/ps4_console_blue_3.png"],"assets/images/ps4_console_blue_4.png":["assets/images/ps4_console_blue_4.png"],"assets/images/ps4_console_white_1.png":["assets/images/ps4_console_white_1.png"],"assets/images/ps4_console_white_2.png":["assets/images/ps4_console_white_2.png"],"assets/images/ps4_console_white_3.png":["assets/images/ps4_console_white_3.png"],"assets/images/ps4_console_white_4.png":["assets/images/ps4_console_white_4.png"],"assets/images/publish.png":["assets/images/publish.png"],"assets/images/request.png":["assets/images/request.png"],"assets/images/salla.png":["assets/images/salla.png"],"assets/images/salla_.png":["assets/images/salla_.png"],"assets/images/sallah.jpg":["assets/images/sallah.jpg"],"assets/images/sallah_1.jpg":["assets/images/sallah_1.jpg"],"assets/images/search_engine.png":["assets/images/search_engine.png"],"assets/images/semi.png":["assets/images/semi.png"],"assets/images/semi_.png":["assets/images/semi_.png"],"assets/images/semi_1.jpg":["assets/images/semi_1.jpg"],"assets/images/semi_1.png":["assets/images/semi_1.png"],"assets/images/semi_3.jpg":["assets/images/semi_3.jpg"],"assets/images/semi__.png":["assets/images/semi__.png"],"assets/images/semi_s.png":["assets/images/semi_s.png"],"assets/images/semiksa.jpg":["assets/images/semiksa.jpg"],"assets/images/semiksa_drawer.jpg":["assets/images/semiksa_drawer.jpg"],"assets/images/shoes2.png":["assets/images/shoes2.png"],"assets/images/sign_up.png":["assets/images/sign_up.png"],"assets/images/sms.png":["assets/images/sms.png"],"assets/images/social_media.png":["assets/images/social_media.png"],"assets/images/social_media_1.png":["assets/images/social_media_1.png"],"assets/images/social_media_management.png":["assets/images/social_media_management.png"],"assets/images/splash_1.png":["assets/images/splash_1.png"],"assets/images/splash_2.png":["assets/images/splash_2.png"],"assets/images/splash_3.png":["assets/images/splash_3.png"],"assets/images/success.png":["assets/images/success.png"],"assets/images/top_banner.png":["assets/images/top_banner.png"],"assets/images/tshirt.png":["assets/images/tshirt.png"],"assets/images/twitter.png":["assets/images/twitter.png"],"assets/images/visa.png":["assets/images/visa.png"],"assets/images/web_1.png":["assets/images/web_1.png"],"assets/images/web_2.jpg":["assets/images/web_2.jpg"],"assets/images/web_3.jpg":["assets/images/web_3.jpg"],"assets/images/web_4.jpeg":["assets/images/web_4.jpeg"],"assets/images/web_ui.png":["assets/images/web_ui.png"],"assets/images/web_ui_1.jpg":["assets/images/web_ui_1.jpg"],"assets/images/whatsapp.jpg":["assets/images/whatsapp.jpg"],"assets/images/whatsapp_1.png.crdownload":["assets/images/whatsapp_1.png.crdownload"],"assets/images/whatsapp_2.png":["assets/images/whatsapp_2.png"],"assets/images/whatsapp_3.png":["assets/images/whatsapp_3.png"],"assets/images/whatsapp_4.png":["assets/images/whatsapp_4.png"],"assets/images/who_are_we.jpg":["assets/images/who_are_we.jpg"],"assets/images/who_are_we_1.jpg":["assets/images/who_are_we_1.jpg"],"assets/images/who_are_we_2.jpg":["assets/images/who_are_we_2.jpg"],"assets/images/wireless%20headset.png":["assets/images/wireless%20headset.png"],"packages/community_material_icon/fonts/materialdesignicons-webfont.ttf":["packages/community_material_icon/fonts/materialdesignicons-webfont.ttf"],"packages/cupertino_icons/assets/CupertinoIcons.ttf":["packages/cupertino_icons/assets/CupertinoIcons.ttf"],"packages/font_awesome_flutter/lib/fonts/fa-brands-400.ttf":["packages/font_awesome_flutter/lib/fonts/fa-brands-400.ttf"],"packages/font_awesome_flutter/lib/fonts/fa-regular-400.ttf":["packages/font_awesome_flutter/lib/fonts/fa-regular-400.ttf"],"packages/font_awesome_flutter/lib/fonts/fa-solid-900.ttf":["packages/font_awesome_flutter/lib/fonts/fa-solid-900.ttf"]}